,id,subject,grade_level,topic,student_input,tutor_response,data_type,intent
14278,conv_14278,physics,elementary,simple machines,Help me study for my test Why is simple machines important?,Simple machines is important because it helps us understand the physical world around us.,conversation,educational_help
21356,hw_01356,chemistry,high,electrochemistry,Can you help me with electrochemistry calculations?,"I'd be happy to help you with electrochemistry! Let me break this down into simple steps. First, let me explain what electrochemistry means and why it's important in chemistry. Then we can work through some examples together. What specific part would you like to start with?",homework_help,homework_assistance
20455,hw_00455,biology,middle,reproduction,My homework asks about reproduction. I don't understand it.,"I'd be happy to help you with reproduction! Let me break this down into simple steps. First, let me explain what reproduction means and why it's important in biology. Then we can work through some examples together. What specific part would you like to start with?",homework_help,homework_assistance
3848,conv_03848,physics,high,mechanics,I don't understand this topic Why is mechanics important?,Mechanics is important because it helps us understand the physical world around us.,conversation,educational_help
15827,conv_15827,physics,elementary,hot and cold,Help me study for my test How does hot and cold work in physics?,Hot and cold works according to scientific principles that we can observe and measure.,conversation,educational_help
19994,conv_19994,biology,high,cellular respiration,Help me study for my test Can you tell me about cellular respiration?,Cellular respiration is a fascinating part of biology! It helps us understand how living things work.,conversation,educational_help
7118,conv_07118,chemistry,elementary,solids liquids gases,Hi tutor! What happens when you heat a solid?,"When you heat a solid, its molecules move faster. If you heat it enough, it will melt and become a liquid!",conversation,educational_help
39013,qa_04013,biology,high,inheritance patterns,Can you tell me about inheritance patterns?,Inheritance patterns is a fascinating part of biology! It helps us understand how living things work.,direct_qa,knowledge_query
37047,qa_02047,physics,middle,density,What should I know about density?,The key thing about density is how it follows the laws of physics that govern our universe.,direct_qa,knowledge_query
40519,qa_05519,chemistry,middle,atoms and molecules,What is an atom?,An atom is the smallest unit of an element that still has the properties of that element. It's like a tiny building block of everything!,direct_qa,knowledge_query
24934,hw_04934,chemistry,middle,acids and bases,My chemistry lab report is about acids and bases. Help me understand.,"I'd be happy to help you with acids and bases! Let me break this down into simple steps. First, let me explain what acids and bases means and why it's important in chemistry. Then we can work through some examples together. What specific part would you like to start with?",homework_help,homework_assistance
10967,conv_10967,physics,elementary,push and pull,Hi tutor! Why is push and pull important?,Push and pull is important because it helps us understand the physical world around us.,conversation,educational_help
47837,qa_12837,biology,middle,classification,Can you tell me about classification?,Classification is a fascinating part of biology! It helps us understand how living things work.,direct_qa,knowledge_query
16822,conv_16822,biology,elementary,pets vs wild animals,I need help with my homework What is important to know about pets vs wild animals?,The most important thing about pets vs wild animals is how it connects to other parts of life and nature.,conversation,educational_help
32838,hw_12838,physics,middle,density,I'm stuck on this density problem. Can you help?,"I'd be happy to help you with density! Let me break this down into simple steps. First, let me explain what density means and why it's important in physics. Then we can work through some examples together. What specific part would you like to start with?",homework_help,homework_assistance
3876,conv_03876,physics,high,mechanics,I have a science question What should I know about mechanics?,The key thing about mechanics is how it follows the laws of physics that govern our universe.,conversation,educational_help
896,conv_00896,biology,elementary,animals,Hi tutor! What makes mammals different from birds?,"Mammals have fur or hair and feed milk to their babies, while birds have feathers and lay eggs.",conversation,educational_help
8604,conv_08604,physics,middle,energy types,I don't understand this topic What is potential energy?,"Potential energy is stored energy that has the potential to do work, like a ball at the top of a hill.",conversation,educational_help
37978,qa_02978,physics,elementary,push and pull,How does push and pull work in physics?,Push and pull works according to scientific principles that we can observe and measure.,direct_qa,knowledge_query
16035,conv_16035,biology,middle,reproduction,I need help with my homework What is important to know about reproduction?,The most important thing about reproduction is how it connects to other parts of life and nature.,conversation,educational_help
27781,hw_07781,biology,high,protein synthesis,Can you explain protein synthesis for my science project?,"I'd be happy to help you with protein synthesis! Let me break this down into simple steps. First, let me explain what protein synthesis means and why it's important in biology. Then we can work through some examples together. What specific part would you like to start with?",homework_help,homework_assistance
1221,conv_01221,physics,high,optics,Can you help me? How does optics work in physics?,Optics works according to scientific principles that we can observe and measure.,conversation,educational_help
21031,hw_01031,biology,middle,photosynthesis,My homework asks about photosynthesis. I don't understand it.,"I'd be happy to help you with photosynthesis! Let me break this down into simple steps. First, let me explain what photosynthesis means and why it's important in biology. Then we can work through some examples together. What specific part would you like to start with?",homework_help,homework_assistance
31247,hw_11247,physics,elementary,hot and cold,I need to understand hot and cold for my exam.,"I'd be happy to help you with hot and cold! Let me break this down into simple steps. First, let me explain what hot and cold means and why it's important in physics. Then we can work through some examples together. What specific part would you like to start with?",homework_help,homework_assistance
21937,hw_01937,chemistry,elementary,solids liquids gases,Can you help me with solids liquids gases calculations?,"I'd be happy to help you with solids liquids gases! Let me break this down into simple steps. First, let me explain what solids liquids gases means and why it's important in chemistry. Then we can work through some examples together. What specific part would you like to start with?",homework_help,homework_assistance
47412,qa_12412,biology,elementary,plants,What are the parts of a flower?,"A flower has petals, stamens (male parts), pistil (female part), and sepals that protect the flower bud.",direct_qa,knowledge_query
48979,qa_13979,physics,elementary,sound,Can you explain sound to me?,Sound is an interesting physics concept that helps us understand how things work in our world!,direct_qa,knowledge_query
26774,hw_06774,chemistry,elementary,dissolving,Can you help me with dissolving calculations?,"I'd be happy to help you with dissolving! Let me break this down into simple steps. First, let me explain what dissolving means and why it's important in chemistry. Then we can work through some examples together. What specific part would you like to start with?",homework_help,homework_assistance
34107,hw_14107,chemistry,middle,acids and bases,I'm struggling with acids and bases in my homework.,"I'd be happy to help you with acids and bases! Let me break this down into simple steps. First, let me explain what acids and bases means and why it's important in chemistry. Then we can work through some examples together. What specific part would you like to start with?",homework_help,homework_assistance
3469,conv_03469,biology,high,cellular respiration,Can you help me? Can you tell me about cellular respiration?,Cellular respiration is a fascinating part of biology! It helps us understand how living things work.,conversation,educational_help
39272,qa_04272,physics,middle,matter states,Why is matter states important?,Matter states is important because it helps us understand the physical world around us.,direct_qa,knowledge_query
14749,conv_14749,biology,high,DNA structure,Can you explain this to me? How does DNA structure work?,Dna structure works through natural processes that scientists have studied for many years.,conversation,educational_help
23660,hw_03660,biology,middle,cells,I need to write a report about cells. Can you help me get started?,"I'd be happy to help you with cells! Let me break this down into simple steps. First, let me explain what cells means and why it's important in biology. Then we can work through some examples together. What specific part would you like to start with?",homework_help,homework_assistance
2711,conv_02711,biology,high,cellular respiration,Can you help me? What is important to know about cellular respiration?,The most important thing about cellular respiration is how it connects to other parts of life and nature.,conversation,educational_help
16515,conv_16515,biology,middle,cells,I have a science question What does the nucleus do?,The nucleus is like the brain of the cell - it controls what the cell does and contains DNA.,conversation,educational_help
34657,hw_14657,chemistry,elementary,changes in materials,Can you help me with changes in materials calculations?,"I'd be happy to help you with changes in materials! Let me break this down into simple steps. First, let me explain what changes in materials means and why it's important in chemistry. Then we can work through some examples together. What specific part would you like to start with?",homework_help,homework_assistance
45062,qa_10062,biology,high,DNA structure,Can you tell me about DNA structure?,Dna structure is a fascinating part of biology! It helps us understand how living things work.,direct_qa,knowledge_query
26484,hw_06484,biology,middle,ecosystems,Can you explain ecosystems for my science project?,"I'd be happy to help you with ecosystems! Let me break this down into simple steps. First, let me explain what ecosystems means and why it's important in biology. Then we can work through some examples together. What specific part would you like to start with?",homework_help,homework_assistance
39790,qa_04790,biology,middle,reproduction,How does reproduction work?,Reproduction works through natural processes that scientists have studied for many years.,direct_qa,knowledge_query
13467,conv_13467,biology,high,mitosis and meiosis,Hi tutor! What is important to know about mitosis and meiosis?,The most important thing about mitosis and meiosis is how it connects to other parts of life and nature.,conversation,educational_help
22136,hw_02136,physics,middle,electricity basics,I need to understand electricity basics for my exam.,"I'd be happy to help you with electricity basics! Let me break this down into simple steps. First, let me explain what electricity basics means and why it's important in physics. Then we can work through some examples together. What specific part would you like to start with?",homework_help,homework_assistance
8749,conv_08749,chemistry,high,electrochemistry,Hi tutor! What is electrochemistry all about?,Electrochemistry is all about the interactions between different types of matter and energy.,conversation,educational_help
45537,qa_10537,physics,middle,density,How does density work in physics?,Density works according to scientific principles that we can observe and measure.,direct_qa,knowledge_query
16671,conv_16671,physics,elementary,sound,I don't understand this topic What should I know about sound?,The key thing about sound is how it follows the laws of physics that govern our universe.,conversation,educational_help
28476,hw_08476,physics,high,atomic structure,My physics homework is about atomic structure. It's confusing!,"I'd be happy to help you with atomic structure! Let me break this down into simple steps. First, let me explain what atomic structure means and why it's important in physics. Then we can work through some examples together. What specific part would you like to start with?",homework_help,homework_assistance
7954,conv_07954,chemistry,elementary,everyday chemicals,I need help with my homework How does everyday chemicals work in chemistry?,Everyday chemicals works according to chemical principles that explain how atoms and molecules interact.,conversation,educational_help
7993,conv_07993,physics,elementary,push and pull,Hi tutor! How does push and pull work in physics?,Push and pull works according to scientific principles that we can observe and measure.,conversation,educational_help
33451,hw_13451,biology,elementary,animals,My homework asks about animals. I don't understand it.,"I'd be happy to help you with animals! Let me break this down into simple steps. First, let me explain what animals means and why it's important in biology. Then we can work through some examples together. What specific part would you like to start with?",homework_help,homework_assistance
36100,qa_01100,biology,elementary,food chains,How does food chains work?,Food chains works through natural processes that scientists have studied for many years.,direct_qa,knowledge_query
18472,conv_18472,biology,elementary,pets vs wild animals,Help me study for my test What is important to know about pets vs wild animals?,The most important thing about pets vs wild animals is how it connects to other parts of life and nature.,conversation,educational_help
35168,qa_00168,physics,elementary,simple machines,Why is simple machines important?,Simple machines is important because it helps us understand the physical world around us.,direct_qa,knowledge_query
46357,qa_11357,chemistry,middle,chemical changes,How does chemical changes work in chemistry?,Chemical changes works according to chemical principles that explain how atoms and molecules interact.,direct_qa,knowledge_query
25324,hw_05324,physics,high,optics,I need to understand optics for my exam.,"I'd be happy to help you with optics! Let me break this down into simple steps. First, let me explain what optics means and why it's important in physics. Then we can work through some examples together. What specific part would you like to start with?",homework_help,homework_assistance
37771,qa_02771,biology,high,protein synthesis,Can you tell me about protein synthesis?,Protein synthesis is a fascinating part of biology! It helps us understand how living things work.,direct_qa,knowledge_query
39222,qa_04222,chemistry,elementary,everyday chemicals,How does everyday chemicals work in chemistry?,Everyday chemicals works according to chemical principles that explain how atoms and molecules interact.,direct_qa,knowledge_query
8147,conv_08147,biology,high,molecular biology,I don't understand this topic What is important to know about molecular biology?,The most important thing about molecular biology is how it connects to other parts of life and nature.,conversation,educational_help
48771,qa_13771,physics,elementary,magnets,How do magnets work?,Magnets work by creating invisible forces called magnetic fields that can pull or push other magnetic materials!,direct_qa,knowledge_query
13318,conv_13318,biology,middle,evolution basics,I don't understand this topic What is important to know about evolution basics?,The most important thing about evolution basics is how it connects to other parts of life and nature.,conversation,educational_help
12472,conv_12472,biology,high,protein synthesis,Help me study for my test Can you tell me about protein synthesis?,Protein synthesis is a fascinating part of biology! It helps us understand how living things work.,conversation,educational_help
35423,qa_00423,biology,high,molecular biology,Why is molecular biology important in biology?,Molecular biology is important because it helps us understand life and how living things survive.,direct_qa,knowledge_query
36278,qa_01278,chemistry,middle,chemical changes,What is chemical changes all about?,Chemical changes is all about the interactions between different types of matter and energy.,direct_qa,knowledge_query
40565,qa_05565,chemistry,high,reaction rates,Can you help me understand reaction rates?,Reaction rates is an important chemistry concept that helps us understand how matter behaves and changes!,direct_qa,knowledge_query
23928,hw_03928,physics,high,thermodynamics,I need to understand thermodynamics for my exam.,"I'd be happy to help you with thermodynamics! Let me break this down into simple steps. First, let me explain what thermodynamics means and why it's important in physics. Then we can work through some examples together. What specific part would you like to start with?",homework_help,homework_assistance
46722,qa_11722,physics,high,atomic structure,What should I know about atomic structure?,The key thing about atomic structure is how it follows the laws of physics that govern our universe.,direct_qa,knowledge_query
40068,qa_05068,physics,high,thermodynamics,Why is thermodynamics important?,Thermodynamics is important because it helps us understand the physical world around us.,direct_qa,knowledge_query
3969,conv_03969,physics,middle,density,Help me study for my test Can you explain density to me?,Density is an interesting physics concept that helps us understand how things work in our world!,conversation,educational_help
13617,conv_13617,chemistry,middle,periodic table basics,I have a science question Can you help me understand periodic table basics?,Periodic table basics is an important chemistry concept that helps us understand how matter behaves and changes!,conversation,educational_help
47176,qa_12176,biology,elementary,senses,Why is senses important in biology?,Senses is important because it helps us understand life and how living things survive.,direct_qa,knowledge_query
678,conv_00678,biology,high,DNA structure,I need help with my homework What is important to know about DNA structure?,The most important thing about DNA structure is how it connects to other parts of life and nature.,conversation,educational_help
45197,qa_10197,biology,elementary,senses,What is important to know about senses?,The most important thing about senses is how it connects to other parts of life and nature.,direct_qa,knowledge_query
4574,conv_04574,physics,middle,forces and motion,Hi tutor! What's the difference between speed and velocity?,"Speed is how fast something moves, while velocity includes both speed and direction.",conversation,educational_help
46736,qa_11736,biology,high,DNA structure,How does DNA structure work?,Dna structure works through natural processes that scientists have studied for many years.,direct_qa,knowledge_query
1217,conv_01217,biology,high,inheritance patterns,I need help with my homework Why is inheritance patterns important in biology?,Inheritance patterns is important because it helps us understand life and how living things survive.,conversation,educational_help
26294,hw_06294,biology,middle,classification,I have a test on classification tomorrow. Help me study!,"I'd be happy to help you with classification! Let me break this down into simple steps. First, let me explain what classification means and why it's important in biology. Then we can work through some examples together. What specific part would you like to start with?",homework_help,homework_assistance
15881,conv_15881,chemistry,elementary,everyday chemicals,Can you explain this to me? Can you help me understand everyday chemicals?,Everyday chemicals is an important chemistry concept that helps us understand how matter behaves and changes!,conversation,educational_help
44674,qa_09674,chemistry,elementary,changes in materials,What is changes in materials all about?,Changes in materials is all about the interactions between different types of matter and energy.,direct_qa,knowledge_query
14900,conv_14900,chemistry,middle,compounds vs elements,Hi tutor! Can you help me understand compounds vs elements?,Compounds vs elements is an important chemistry concept that helps us understand how matter behaves and changes!,conversation,educational_help
12200,conv_12200,biology,middle,genetics basics,Help me study for my test Can you tell me about genetics basics?,Genetics basics is a fascinating part of biology! It helps us understand how living things work.,conversation,educational_help
39849,qa_04849,physics,elementary,simple machines,Why is simple machines important?,Simple machines is important because it helps us understand the physical world around us.,direct_qa,knowledge_query
45354,qa_10354,biology,elementary,basic needs,Why is basic needs important in biology?,Basic needs is important because it helps us understand life and how living things survive.,direct_qa,knowledge_query
15608,conv_15608,physics,middle,energy types,I have a science question What is potential energy?,"Potential energy is stored energy that has the potential to do work, like a ball at the top of a hill.",conversation,educational_help
859,conv_00859,biology,elementary,human body,I have a science question Can you tell me about human body?,Human body is a fascinating part of biology! It helps us understand how living things work.,conversation,educational_help
13161,conv_13161,biology,middle,evolution basics,I don't understand this topic What is important to know about evolution basics?,The most important thing about evolution basics is how it connects to other parts of life and nature.,conversation,educational_help
49249,qa_14249,biology,middle,ecosystems,What is important to know about ecosystems?,The most important thing about ecosystems is how it connects to other parts of life and nature.,direct_qa,knowledge_query
19756,conv_19756,chemistry,elementary,everyday chemicals,I don't understand this topic Can you help me understand everyday chemicals?,Everyday chemicals is an important chemistry concept that helps us understand how matter behaves and changes!,conversation,educational_help
23056,hw_03056,chemistry,elementary,everyday chemicals,Can you help me with everyday chemicals calculations?,"I'd be happy to help you with everyday chemicals! Let me break this down into simple steps. First, let me explain what everyday chemicals means and why it's important in chemistry. Then we can work through some examples together. What specific part would you like to start with?",homework_help,homework_assistance
34256,hw_14256,physics,elementary,floating and sinking,I'm stuck on this floating and sinking problem. Can you help?,"I'd be happy to help you with floating and sinking! Let me break this down into simple steps. First, let me explain what floating and sinking means and why it's important in physics. Then we can work through some examples together. What specific part would you like to start with?",homework_help,homework_assistance
26789,hw_06789,chemistry,high,electrochemistry,I'm struggling with electrochemistry in my homework.,"I'd be happy to help you with electrochemistry! Let me break this down into simple steps. First, let me explain what electrochemistry means and why it's important in chemistry. Then we can work through some examples together. What specific part would you like to start with?",homework_help,homework_assistance
5951,conv_05951,chemistry,high,chemical bonding,I need help with my homework How does chemical bonding work in chemistry?,Chemical bonding works according to chemical principles that explain how atoms and molecules interact.,conversation,educational_help
42195,qa_07195,chemistry,elementary,everyday chemicals,What is everyday chemicals all about?,Everyday chemicals is all about the interactions between different types of matter and energy.,direct_qa,knowledge_query
37908,qa_02908,biology,high,protein synthesis,How does protein synthesis work?,Protein synthesis works through natural processes that scientists have studied for many years.,direct_qa,knowledge_query
48695,qa_13695,physics,elementary,sound,How does sound work in physics?,Sound works according to scientific principles that we can observe and measure.,direct_qa,knowledge_query
39859,qa_04859,chemistry,middle,chemical changes,What is chemical changes all about?,Chemical changes is all about the interactions between different types of matter and energy.,direct_qa,knowledge_query
29696,hw_09696,physics,elementary,hot and cold,I need to understand hot and cold for my exam.,"I'd be happy to help you with hot and cold! Let me break this down into simple steps. First, let me explain what hot and cold means and why it's important in physics. Then we can work through some examples together. What specific part would you like to start with?",homework_help,homework_assistance
5543,conv_05543,physics,elementary,simple machines,Help me study for my test How does simple machines work in physics?,Simple machines works according to scientific principles that we can observe and measure.,conversation,educational_help
4647,conv_04647,physics,middle,density,I need help with my homework How does density work in physics?,Density works according to scientific principles that we can observe and measure.,conversation,educational_help
47354,qa_12354,biology,high,molecular biology,Why is molecular biology important in biology?,Molecular biology is important because it helps us understand life and how living things survive.,direct_qa,knowledge_query
39502,qa_04502,biology,high,inheritance patterns,Why is inheritance patterns important in biology?,Inheritance patterns is important because it helps us understand life and how living things survive.,direct_qa,knowledge_query
26766,hw_06766,physics,high,electromagnetism,I'm stuck on this electromagnetism problem. Can you help?,"I'd be happy to help you with electromagnetism! Let me break this down into simple steps. First, let me explain what electromagnetism means and why it's important in physics. Then we can work through some examples together. What specific part would you like to start with?",homework_help,homework_assistance
9244,conv_09244,chemistry,middle,compounds vs elements,I don't understand this topic How does compounds vs elements work in chemistry?,Compounds vs elements works according to chemical principles that explain how atoms and molecules interact.,conversation,educational_help
